{
    "Elevation": 2960.5653689265246,
    "Horizontal_Distance_To_Roadways": 2349.4190375380804,
    "Horizontal_Distance_To_Fire_Points": 1978.5399046488012
}